"","State.Code","o3_mean","year","pm2.5_mean","so2_mean","co_mean","no2_mean","State.Name"
"1",1,0.0309265369104543,2011,11.463052010528,1.42956666619318,0.339709086048159,NA,"Alabama"
"2",2,0.0251622016065415,2011,5.63962743883256,7.64180988602941,0.540025866877033,NA,"Alaska"
"3",4,0.0376448416771953,2011,9.23414920194161,1.8795075694809,0.385180503190907,16.0161683370128,"Arizona"
"4",5,0.0319949131291149,2011,11.6099359544798,1.67033805641541,0.447883271917808,9.98697388071013,"Arkansas"
"5",6,0.035079180843444,2011,10.9195330249242,0.857803238448213,0.363345318242926,12.9558701547852,"California"
"6",8,0.0417124849319856,2011,7.77302863573511,1.14149319699559,0.330683558909685,4.64237624936994,"Colorado"
"7",9,0.0336343094357977,2011,9.18127458544348,1.20911079616122,0.339884907530862,9.16439613231283,"Connecticut"
"8",10,0.0320457203671503,2011,10.3383042212268,1.55798908699254,0.285896067035245,11.4566014384058,"Delaware"
"9",11,0.0292669777468707,2011,10.5273262508475,2.72887105254091,0.694592815056313,15.4962959109875,"District Of Columbia"
"10",12,0.0299888277737545,2011,7.93891091489362,0.912859380491341,0.193175077720061,5.38305203190245,"Florida"
"11",13,0.0345523070625097,2011,11.9140852471252,1.73914732936499,0.34073522079387,7.04889233676547,"Georgia"
"12",15,0.0231431348837209,2011,7.36204101089156,8.70662001480983,0.348932090280549,2.7653172598181,"Hawaii"
"13",16,0.0401577963147739,2011,11.4349360999233,3.08084053889803,0.271950680806676,10.4178820344828,"Idaho"
"14",17,0.0296138445170322,2011,10.5151785714286,1.75318431330291,0.415211877020463,15.842281912249,"Illinois"
"15",18,0.033709635499701,2011,12.3195532354643,2.64678822966655,0.486188588559128,10.4002280228605,"Indiana"
"16",19,0.032156997684094,2011,10.5481034278937,1.21467835270864,0.211270354490817,7.81595465049772,"Iowa"
"17",20,0.0353033237918134,2011,9.31604533990934,1.49104287078237,0.23318747921845,7.41315328146749,"Kansas"
"18",21,0.033970817372208,2011,10.9089323213924,1.99260106263337,0.470946426846968,6.32416431147348,"Kentucky"
"19",22,0.0294014832755182,2011,10.0387952750352,4.32424104069563,0.221414979395604,6.55632054434721,"Louisiana"
"20",23,0.0286803873073644,2011,NA,0.362474808770029,0.167572686188735,2.86729369490924,"Maine"
"21",24,0.0338446325373985,2011,10.8872458094627,1.46886396585462,0.231704073586708,13.2138961599142,"Maryland"
"22",25,0.0322898295433619,2011,8.54403019570967,2.36939123284858,0.328113315926531,11.4983583176393,"Massachusetts"
"23",26,0.032858784283429,2011,8.79081281329168,1.72963564821279,0.309894466414424,8.59260459399241,"Michigan"
"24",27,0.0316462704117581,2011,7.0218209951202,0.362501032816476,0.175949007273464,7.08410543236127,"Minnesota"
"25",28,0.03336359172152,2011,11.7545667249186,0.932007444593059,0.242718275342466,4.78837678356164,"Mississippi"
"26",29,0.0379108657167816,2011,10.6374163868928,3.95775441043744,0.270996108219178,14.8750651412926,"Missouri"
"27",30,0.0316166271906095,2011,7.54548608120401,1.68800778871986,0.212966933342915,2.05957524420187,"Montana"
"28",31,0.0333059822460017,2011,9.18620107820288,1.5551238817734,0.330247298308239,NA,"Nebraska"
"29",32,0.0378255573678328,2011,6.63296475412775,0.894851037885353,0.406016101322021,11.3986492289664,"Nevada"
"30",33,0.0305586547306193,2011,7.75316634515719,2.22976710660126,0.327758036534242,2.14511744545455,"New Hampshire"
"31",34,0.0301296995351264,2011,9.36464748684831,1.31066900769293,0.338082221552967,12.8185995741851,"New Jersey"
"32",35,0.0359950637272503,2011,6.11591865977548,0.662236328079865,0.402409130892449,7.63210842472531,"New Mexico"
"33",36,0.030087428474298,2011,8.34690886724754,1.1717238291045,0.282384927294456,6.36610162985246,"New York"
"34",37,0.0352130607319184,2011,9.81938785314545,0.775743443830753,0.351291765629235,9.10384196477483,"North Carolina"
"35",38,0.0316261803548178,2011,7.27767804401296,0.641797361924513,0.165214311594203,2.4766632193408,"North Dakota"
"36",39,0.0331853962068073,2011,11.7369147965014,2.7023380457213,0.31507330182848,10.2113352507197,"Ohio"
"37",40,0.0380362259269384,2011,10.6991542838683,2.38572852821556,0.227191608887221,7.72311928154914,"Oklahoma"
"38",41,0.0270249466612699,2011,8.71773643961432,0.756050352507375,0.338233156164384,9.40429039428571,"Oregon"
"39",42,0.0301351388073482,2011,11.5469875116207,2.58669885936138,0.233202501641978,9.78793031389618,"Pennsylvania"
"40",44,0.0318300187493095,2011,8.7148917546614,1.22861520134731,0.234277616783217,8.62334437148739,"Rhode Island"
"41",45,0.033410700530384,2011,10.713091849174,0.672061118567596,0.202457353604571,6.16711988105634,"South Carolina"
"42",46,0.0341187591636771,2011,5.29884669787493,0.660604971993452,0.171089722010225,5.02572995935352,"South Dakota"
"43",47,0.0358822310824955,2011,13.0072133985173,2.14907265420813,0.337201238615365,9.5379734348157,"Tennessee"
"44",48,0.0317056709877931,2011,10.7510663449806,0.767392338276985,0.221569015610816,7.67681258188152,"Texas"
"45",49,0.0425586682916146,2011,6.53026000645225,1.35331297109411,0.429357186441523,5.76379136085053,"Utah"
"46",50,0.0308216783094034,2011,7.77559886068405,2.09376458977434,0.372104506383314,7.83900449160032,"Vermont"
"47",51,0.0334945285108991,2011,9.27827533125113,0.825035700975665,0.26699610429153,7.81166857547301,"Virginia"
"48",53,0.0251893394329415,2011,7.87277724940949,0.717361185633899,0.311434102204817,5.81081500638978,"Washington"
"49",54,0.0314576164100387,2011,10.9829202940736,3.89935655303425,0.394552373389506,NA,"West Virginia"
"50",55,0.0333807875642937,2011,9.14730504599545,2.38245612771754,0.144372049315069,3.12372097653917,"Wisconsin"
"51",56,0.0409428614596559,2011,4.17249861169384,1.10694722592545,0.210629228702907,2.24540919395528,"Wyoming"
"52",72,NA,2011,NA,NA,NA,NA,"Puerto Rico"
"53",80,NA,2011,NA,NA,NA,NA,"Country Of Mexico"
"54",1,0.0299912058502777,2012,10.0327971608334,1.50969980305466,0.360635832207207,NA,"Alabama"
"55",2,0.0265616402064028,2012,5.13247819336627,8.30693111363636,0.62583306703614,NA,"Alaska"
"56",4,0.0372781109071647,2012,8.64743665377377,2.33976615114961,0.394323187184353,17.0320045706954,"Arizona"
"57",5,0.0337978406876514,2012,10.4045253145129,1.51019993181393,0.46787532809296,10.0311335562323,"Arkansas"
"58",6,0.0360245712724963,2012,9.62236957262992,0.633573310314151,0.336690358943162,12.4789097720457,"California"
"59",8,0.0421067361162124,2012,8.08562602941739,0.500929531865769,0.317652819840324,4.0469410016429,"Colorado"
"60",9,0.0351494043316121,2012,7.94878623176607,0.816568576632857,0.316006157396218,7.43135652096637,"Connecticut"
"61",10,0.0314006659433362,2012,9.6368641064077,0.737583243439188,0.277460797307997,6.92204411208671,"Delaware"
"62",11,0.0295076392318244,2012,10.5335833476658,1.53878110127479,0.639856688912244,15.2581746726027,"District Of Columbia"
"63",12,0.0288438834196682,2012,7.48976481481226,0.465532809266918,0.204365650190667,5.47217577248654,"Florida"
"64",13,0.0318178087004463,2012,10.4683782712705,1.51363522615224,0.345721450031034,6.44681894560822,"Georgia"
"65",15,0.0221334613180516,2012,8.74421302251266,14.4890485755306,0.397284802405724,2.85181993187929,"Hawaii"
"66",16,0.0376963118017291,2012,17.4439831222988,2.6206811025183,0.28749396742671,10.4024724783715,"Idaho"
"67",17,0.0308850334219488,2012,NA,1.30228102457804,0.381453678591315,15.4998514606946,"Illinois"
"68",18,0.0362003013041233,2012,11.5375959433308,2.42666060479977,0.551640268318428,9.91433120929704,"Indiana"
"69",19,0.0357405181325055,2012,9.90581461638709,1.21476020399119,0.224645424443341,6.09263664973349,"Iowa"
"70",20,0.034768045280162,2012,8.41459645806173,0.848920173134112,0.287132586949633,6.82110355457589,"Kansas"
"71",21,0.0352348066427711,2012,10.5146703919792,1.59724018563794,0.338756455013092,6.28668538327519,"Kentucky"
"72",22,0.0283385134731015,2012,9.28447304056856,3.38915933450304,0.221186659279778,6.22440050067152,"Louisiana"
"73",23,0.0295741345048793,2012,NA,0.483495892999777,0.18268252454006,3.11584094645288,"Maine"
"74",24,0.0345309123027805,2012,9.77433300230224,0.977841439218231,0.202395442965762,10.7985016403245,"Maryland"
"75",25,0.0336904400130667,2012,8.14490898339568,2.32763406857304,0.352202119915185,8.99552253957826,"Massachusetts"
"76",26,0.0360370381552053,2012,8.57119301549367,1.9508077180081,0.268628786519401,10.433592917164,"Michigan"
"77",27,0.0306669879582316,2012,6.52363813176065,0.297244586931428,0.126172825871584,3.51698187721434,"Minnesota"
"78",28,0.0329467204876896,2012,11.2321361510989,0.749223294722572,0.210250484931507,4.02318005245902,"Mississippi"
"79",29,0.0402232063197488,2012,10.3594371755951,3.72853282452745,0.273933613387978,14.1538681065578,"Missouri"
"80",30,0.0293421689409859,2012,9.0927049550863,1.1265991140329,0.105484834066936,1.43880795657291,"Montana"
"81",31,0.0364388449602596,2012,8.76772944931974,1.55245533997253,0.359997475436755,NA,"Nebraska"
"82",32,0.0391844870386701,2012,7.68425365045253,0.905992591555198,0.43479388457413,11.2118753666352,"Nevada"
"83",33,0.0315511986651378,2012,6.40080903120321,0.966049511781578,0.254265715598091,1.7731655,"New Hampshire"
"84",34,0.0304029330780903,2012,8.49380873896972,0.671234573487894,0.359594425683266,11.6206587022248,"New Jersey"
"85",35,0.0367523752348594,2012,6.30766529260179,0.499091373985934,0.327619820749872,6.91883098584169,"New Mexico"
"86",36,0.0300473800460944,2012,7.60331361175804,0.997566060652601,0.242869474682339,7.56220481712173,"New York"
"87",37,0.0324131120351394,2012,9.1038979059745,0.522780419774638,0.29032572370888,8.76337785729544,"North Carolina"
"88",38,0.0299105187627107,2012,6.42973082094369,0.778643444641506,0.174130724043716,2.79474490294434,"North Dakota"
"89",39,0.0359674673821335,2012,10.9351349355965,2.1999022056509,0.330800493184991,13.8086165090108,"Ohio"
"90",40,0.0359933574162826,2012,10.4374161759427,1.84309453553071,0.165705547067856,7.06870563588958,"Oklahoma"
"91",41,0.0294046975380929,2012,8.11623684556454,0.633979452586207,0.301399964739069,9.15999568169014,"Oregon"
"92",42,0.0299849732801494,2012,10.6628710528375,2.25161813286326,0.223753067056141,8.15636489424076,"Pennsylvania"
"93",44,0.0330743749136623,2012,7.41565155658669,1.18396417354196,0.229885307471264,7.80092546557803,"Rhode Island"
"94",45,0.0299729099717363,2012,9.07403193377493,0.39958636923138,0.166103222301591,5.15208144862424,"South Carolina"
"95",46,0.0364279326205199,2012,6.25842895290094,0.344202938045902,0.17488504387227,4.97159072998236,"South Dakota"
"96",47,0.0357525457656102,2012,11.5813419983286,1.72056940282994,0.325949806785302,9.24035180801992,"Tennessee"
"97",48,0.0305257542883618,2012,10.7313447086161,0.550686948991672,0.22229093001006,7.74089154871909,"Texas"
"98",49,0.04247843145381,2012,6.49078097123547,0.41270572281148,0.386885935091712,5.51041137219324,"Utah"
"99",50,0.0318407612734865,2012,7.05305424705925,1.17293693832449,0.319749878542306,7.11679643739126,"Vermont"
"100",51,0.0332572196089831,2012,8.61454256403824,0.593111451511582,0.290241610771112,7.39753037461401,"Virginia"
"101",53,0.0267105196774909,2012,7.52612057614379,0.632337598391092,0.347227339084173,6.95106702555366,"Washington"
"102",54,0.0324790240194417,2012,10.1314582352563,3.84425164961562,0.393745764037947,NA,"West Virginia"
"103",55,0.0358679467923509,2012,8.45427290433338,2.22613309487574,0.141462683561644,3.04027985028768,"Wisconsin"
"104",56,0.0399122011361793,2012,5.25580820977775,0.980012540331517,0.285810222519569,2.83551862150106,"Wyoming"
"105",72,NA,2012,NA,NA,NA,NA,"Puerto Rico"
"106",80,NA,2012,NA,NA,NA,NA,"Country Of Mexico"
"107",1,0.0270598737958609,2013,9.76700897036896,0.802847651170978,0.322695644042789,12.0656349677419,"Alabama"
"108",2,0.0264456704007435,2013,4.70580379841755,7.07319210302198,0.539766265897652,NA,"Alaska"
"109",4,0.0372194358133501,2013,8.02004969163909,2.03228355702139,0.360988008552662,15.4494778165665,"Arizona"
"110",5,0.0313854557515599,2013,9.85060310585008,1.46221616844339,0.384976636986301,9.12206818787793,"Arkansas"
"111",6,0.035017901741717,2013,10.5360862322177,0.622732885559608,0.323095179274843,11.973220343074,"California"
"112",8,0.0401989541904484,2013,6.61860296208765,1.71779402300674,0.304041945540445,4.50067154707903,"Colorado"
"113",9,0.0355350964045928,2013,7.88753096428121,0.701959813143834,0.289031719423808,8.79097808342772,"Connecticut"
"114",10,0.0309549375690894,2013,8.61886508704913,0.615758964902231,0.295630301972686,4.7075621732094,"Delaware"
"115",11,0.0273212094240838,2013,10.1229691215971,1.00109104360257,0.414290302612124,12.0047834085684,"District Of Columbia"
"116",12,0.0280254639739035,2013,6.24740147813535,0.366649550268956,0.175600687825028,4.81786755447876,"Florida"
"117",13,0.0286524067666919,2013,9.92349591534798,1.55787183580142,0.344070980403649,5.46625749829363,"Georgia"
"118",15,0.0231172611806798,2013,7.87121966516966,10.1573708646292,0.428582107462484,2.59053568174953,"Hawaii"
"119",16,0.0355671775372961,2013,12.6470852768009,2.17447517727012,0.295455257042254,11.1264847450425,"Idaho"
"120",17,0.0291457837683096,2013,NA,1.12611647987895,0.214058187611079,15.1184390791624,"Illinois"
"121",18,0.0333444310166508,2013,10.914232395268,2.30955970089787,0.42303188812436,9.01616986573143,"Indiana"
"122",19,0.0323097181325402,2013,9.644383227514,1.02179392683134,0.210769039323496,6.55758924096228,"Iowa"
"123",20,0.0324436894971676,2013,8.45206797735993,0.807292072748302,0.289826348027662,5.9292896128174,"Kansas"
"124",21,0.0311453416241407,2013,10.0758010409939,0.908896020592333,0.283514354051529,6.12397663767675,"Kentucky"
"125",22,0.0268934429184462,2013,8.38776112841713,1.82935847216938,0.203553163013699,6.07287591690133,"Louisiana"
"126",23,0.0299338192147865,2013,6.68360035175134,0.522994023178938,0.161693716305012,2.85432287604631,"Maine"
"127",24,0.0325732531543856,2013,8.81839924538263,0.822112010928493,0.18741867186306,10.0143094348136,"Maryland"
"128",25,0.0316546520326518,2013,7.01371483428841,2.0129112155612,0.284393373771413,8.83860545683043,"Massachusetts"
"129",26,0.0337994531408959,2013,8.20544978542099,1.51579190253003,0.247041433798983,10.0535261629628,"Michigan"
"130",27,0.0309489410892737,2013,6.57882845216787,0.538492053738727,0.121665738739573,6.69324996914337,"Minnesota"
"131",28,0.0299623931703497,2013,NA,0.581631188825405,0.229334698369565,4.13261640668524,"Mississippi"
"132",29,0.0348238563623124,2013,9.59156955825663,3.01976964492174,0.289864042212961,13.1162775912551,"Missouri"
"133",30,0.0308953319086478,2013,6.63468789312962,1.29084601787737,0.0981361948345691,1.24918880556236,"Montana"
"134",31,0.0329947583693946,2013,8.81140614312641,1.34067029957806,0.297878255172414,NA,"Nebraska"
"135",32,0.0365104423064025,2013,9.16725808945336,1.0710285590132,0.405745734223065,11.6670790661821,"Nevada"
"136",33,0.0316209912647131,2013,7.01657578883516,1.10385666226345,0.196882563629824,1.564657,"New Hampshire"
"137",34,0.0301057007285619,2013,8.48949239761437,0.551264099435469,0.33102952593291,11.1792389829414,"New Jersey"
"138",35,0.0366758563268428,2013,6.4602032652444,0.276073192285113,0.231916012108262,6.67645404948113,"New Mexico"
"139",36,0.0303842071624773,2013,6.83924637978208,1.00656699522624,0.219896935010713,7.17300344654971,"New York"
"140",37,0.0296079302535994,2013,9.04634117600416,0.543138103094118,0.291486892134127,7.44085306044199,"North Carolina"
"141",38,0.0313673639378666,2013,5.81920624944266,0.764607933928215,0.148977416036309,2.63023777216664,"North Dakota"
"142",39,0.0318034012296996,2013,10.436424383981,1.65652756160904,0.343230610478648,11.3113153690502,"Ohio"
"143",40,0.0330625056347008,2013,9.46647751962194,1.11904688546616,0.168070111631456,6.77444435894391,"Oklahoma"
"144",41,0.0272701881484501,2013,10.4647771622402,1.06846278107345,0.289265276504298,9.70045537325905,"Oregon"
"145",42,0.0298562176759666,2013,10.5586438944487,1.90413941309321,0.159729910698571,6.89374508252907,"Pennsylvania"
"146",44,0.0335005090505323,2013,7.40358941451494,0.596084333333333,0.22314161634349,8.02360436786679,"Rhode Island"
"147",45,0.0272253737904427,2013,8.58805446841444,0.333963077765576,0.152926079452055,5.33862605846179,"South Carolina"
"148",46,0.0356391498471582,2013,6.948915580873,0.286858594311104,0.168637353870595,4.67462669229425,"South Dakota"
"149",47,0.031880847099046,2013,9.65456930579197,1.04466327629659,0.29217614857348,8.66545526680889,"Tennessee"
"150",48,0.0293217258640381,2013,10.1779338086266,0.428401490546433,0.184382185645367,7.29532440689733,"Texas"
"151",49,0.0436663855031943,2013,9.88649449954534,0.68249404383841,0.394506440784216,7.2346318048925,"Utah"
"152",50,0.032404779037729,2013,6.60280356547638,0.735134246885711,0.318676818892076,7.01759882545462,"Vermont"
"153",51,0.030288591198671,2013,8.09906428471079,0.78542723254551,0.26003224564534,7.12997341161349,"Virginia"
"154",53,0.0250039514621468,2013,8.08783578682483,0.532416678605312,0.334534584837742,8.35940683321742,"Washington"
"155",54,0.0296106492815692,2013,9.15599718834387,3.25062445390331,0.32106839269051,NA,"West Virginia"
"156",55,0.0345814366634378,2013,7.96144777750183,1.7810356716526,0.179980352054795,2.87476676375989,"Wisconsin"
"157",56,0.0390481000613424,2013,3.91103619748043,1.67113507969229,0.177331181746183,2.85156775313179,"Wyoming"
"158",72,NA,2013,NA,NA,NA,NA,"Puerto Rico"
"159",80,NA,2013,NA,NA,NA,NA,"Country Of Mexico"
"160",1,0.0276968737519015,2014,10.3518860941107,1.37605377510608,0.365420152705963,11.8247389065693,"Alabama"
"161",2,0.0236374553228103,2014,5.4908973633737,7.10547629041096,0.556597291332395,11.8113374891304,"Alaska"
"162",4,0.0358544067457184,2014,8.05026619954499,2.16388829517866,0.397262764727264,15.6487520303114,"Arizona"
"163",5,0.0291883675190452,2014,9.46606215844924,1.37595376259577,0.347970769863014,8.37569751876942,"Arkansas"
"164",6,0.0361416020133946,2014,10.1396307058147,0.513318170233686,0.3314854702698,11.3785486883533,"California"
"165",8,0.0383606761196716,2014,6.46293257029701,1.84918913257618,0.331959193515266,3.99807311010741,"Colorado"
"166",9,0.0347493522583034,2014,8.29433479773534,0.672526985566284,0.259556338559311,9.01205318272322,"Connecticut"
"167",10,0.0306833215361821,2014,9.02959578433919,0.648127314524858,0.237570353205849,5.94887554656436,"Delaware"
"168",11,0.0276053308641975,2014,9.72386300580552,1.18247939013453,0.430950000618047,11.6530666070088,"District Of Columbia"
"169",12,0.028214965116093,2014,7.01901206157169,0.650144382109392,0.230255331088875,6.55058535232874,"Florida"
"170",13,0.029766075235336,2014,10.3268810356225,1.50443713587345,0.373383948833324,9.93727273996261,"Georgia"
"171",15,0.0220275879310345,2014,7.24868129061175,10.0179761500954,0.369053091782284,2.89449802373261,"Hawaii"
"172",16,0.0351356938199223,2014,11.0352786352638,1.85166821957846,0.282463638151876,10.9758154936061,"Idaho"
"173",17,0.0290546839472007,2014,10.6857690363706,1.21338350694589,0.223182551673054,14.5982898901695,"Illinois"
"174",18,0.0321459366763201,2014,11.6054394865793,2.26462501772901,0.408340546072319,9.70103598641011,"Indiana"
"175",19,0.0308493264533027,2014,9.41434010278087,1.39162860834305,0.20874598626277,6.10904601093726,"Iowa"
"176",20,0.0323861966218516,2014,8.89809130197193,1.34935316801521,0.265495796918768,5.29882295359941,"Kansas"
"177",21,0.0317970353910007,2014,10.4885152348089,1.26084521552673,0.276801358125172,7.3284262404342,"Kentucky"
"178",22,0.0261372909359048,2014,8.42544295715439,1.59616681814592,0.2654498375,6.15309327313577,"Louisiana"
"179",23,0.0294165717561492,2014,7.63766611790917,0.331681657136138,0.167029411674699,2.67625222646239,"Maine"
"180",24,0.0323576327348628,2014,8.82938899379687,1.01744390217161,0.191324882585973,8.40848580648657,"Maryland"
"181",25,0.0304422118599008,2014,6.8677163872103,1.30544619990385,0.254076512951236,9.14843633642477,"Massachusetts"
"182",26,0.0325101225936572,2014,8.74855787627163,1.82037648782871,0.283270140192982,9.96959363201758,"Michigan"
"183",27,0.0294347323125867,2014,6.84702381346236,0.595257710572451,0.131544645991926,9.38055273842223,"Minnesota"
"184",28,0.029761549934931,2014,NA,0.642552506244609,0.2245022,4.44642341643836,"Mississippi"
"185",29,0.0334046502397715,2014,9.62905250940185,2.15548909560058,0.276906066609157,11.0295658536291,"Missouri"
"186",30,0.0307427443315528,2014,6.4588358493661,1.27940240985663,0.131752752471732,1.44482307530007,"Montana"
"187",31,0.032361761771575,2014,7.95817663342186,1.14823685794655,0.367805503472222,NA,"Nebraska"
"188",32,0.0374946012420667,2014,7.67796600955332,0.908355148495811,0.363640463572503,11.7063633988251,"Nevada"
"189",33,0.0309893500813508,2014,7.0864526866394,0.922220577449734,0.170585843332642,2.25924686825923,"New Hampshire"
"190",34,0.0295835709730278,2014,8.39356746949079,0.566557873297645,0.309679894298275,12.0470991025538,"New Jersey"
"191",35,0.034893756070898,2014,5.7970020412353,0.145053229415933,0.209078817908202,6.04312864986122,"New Mexico"
"192",36,0.0303768401868255,2014,6.39097842811827,0.951791588578535,0.226594013997385,6.68394868399472,"New York"
"193",37,0.0322073148742237,2014,9.25227102760935,0.381806271776161,0.282080106707373,8.25319646365389,"North Carolina"
"194",38,0.0298139047448547,2014,4.54261530141149,0.629604000761047,0.161692233281493,2.95548026042162,"North Dakota"
"195",39,0.0319400940751362,2014,10.7375896195696,1.76641589930268,0.27090097545517,13.2174511137893,"Ohio"
"196",40,0.0322163702555857,2014,8.72506822521361,0.848728066832485,0.160762072087451,6.06381622538353,"Oklahoma"
"197",41,0.0281560296082823,2014,8.02853421844526,0.826138241912799,0.303285856627048,10.4456320292611,"Oregon"
"198",42,0.0295745977560368,2014,10.5203980684348,1.95764765222689,0.206614682818729,7.09185671496623,"Pennsylvania"
"199",44,0.0324049376162939,2014,5.97246226161998,0.592938156378601,0.377892998428908,11.0585098451214,"Rhode Island"
"200",45,0.0290024133741537,2014,9.01127051499538,0.440168580385136,0.157111683076923,5.66952698991417,"South Carolina"
"201",46,0.0334616595489459,2014,5.28883650415157,0.310771029564758,0.187570234221599,4.3250641564069,"South Dakota"
"202",47,0.0321371390250755,2014,9.22071629273889,1.77319881721118,0.275091600063256,9.54853655547747,"Tennessee"
"203",48,0.0280045627318578,2014,10.0580641116895,0.351464643005455,0.216814710848799,7.31429747108738,"Texas"
"204",49,0.040381368402808,2014,6.58150346194682,0.510796862426036,0.498453392363256,5.84266753397849,"Utah"
"205",50,0.0324431748910016,2014,6.73900617196595,0.577472491862899,0.169153063289863,7.13737108068807,"Vermont"
"206",51,0.0316382534932722,2014,8.1887109058105,0.739782633950129,0.266202977327108,7.34649653306631,"Virginia"
"207",53,0.0272010089227858,2014,7.18534940610618,0.428558218375308,0.346227751015729,13.0017115813532,"Washington"
"208",54,0.030180253062256,2014,9.5028619205054,2.42897491987534,0.320905811136756,NA,"West Virginia"
"209",55,0.0334296257209862,2014,8.40078853376467,1.9735712118192,0.191706881151222,6.11657032509012,"Wisconsin"
"210",56,0.0377703963112899,2014,3.62947329147269,2.01169184567335,0.146054686354297,2.96238370933517,"Wyoming"
"211",72,NA,2014,NA,NA,NA,NA,"Puerto Rico"
"212",80,NA,2014,NA,NA,NA,NA,"Country Of Mexico"
"213",1,0.0265239396608673,2015,9.86080069810912,1.01980795867769,0.380502621153166,11.0543579245852,"Alabama"
"214",2,0.0252099536762156,2015,5.73356352542883,6.6728993739255,0.431790470514328,12.6816063654391,"Alaska"
"215",4,0.0352686380975839,2015,7.22317261006258,2.10229530400971,0.389324172260701,14.3825188141794,"Arizona"
"216",5,0.0291927298447735,2015,8.99287106663934,1.58997324898805,0.306777873972603,7.92260198356339,"Arkansas"
"217",6,0.0357077866563641,2015,10.0647489314863,0.343004917107441,0.333747236070314,11.8793652694672,"California"
"218",8,0.0384700766557618,2015,6.42727604623552,2.20445751267782,0.357277616615206,3.84161433383598,"Colorado"
"219",9,0.0356998596950968,2015,8.25787115856546,0.398933505461556,0.275362231851578,9.78785888858269,"Connecticut"
"220",10,0.0312450419073383,2015,8.80418517805158,0.385370549632252,0.309838460580913,12.2041898982456,"Delaware"
"221",11,0.0281667616438356,2015,9.98571371301939,1.27072148214286,0.408171991789819,13.6784726362661,"District Of Columbia"
"222",12,0.0272989319649912,2015,6.87190051373056,0.655641556295722,0.251040555820984,5.89580275368906,"Florida"
"223",13,0.0286048565160878,2015,9.29701496211997,1.26512919417158,0.529731623717895,12.1191844675102,"Georgia"
"224",15,0.0236062774647887,2015,7.71537759118234,10.8694839258739,0.43519821728972,2.9421227146314,"Hawaii"
"225",16,0.0350608629456702,2015,11.7693345850321,1.45716150242072,0.320768611721612,11.3983495360231,"Idaho"
"226",17,0.0293432818289799,2015,9.55183462249676,1.16493078709576,0.242629345553262,13.8738376514578,"Illinois"
"227",18,0.031416891466789,2015,10.0600068228408,1.86280408525922,0.449700391647791,8.81609619584736,"Indiana"
"228",19,0.0309207842948188,2015,8.59995574540414,0.899179558778303,0.214763845943504,5.78870938253888,"Iowa"
"229",20,0.0313837576028702,2015,7.67251507292062,1.06067335346074,0.285033536931818,4.6108236294439,"Kansas"
"230",21,0.0304245331889762,2015,9.57508641135604,0.716772815460402,0.254923318473798,7.72123569621765,"Kentucky"
"231",22,0.0264012276093394,2015,8.92828570925886,1.27148769093241,0.356427991881943,5.79117982863422,"Louisiana"
"232",23,0.0290876976599079,2015,6.91360234729933,0.383872675693235,0.175869852064162,2.5690920521162,"Maine"
"233",24,0.033103291603484,2015,8.80472148297657,0.893686177694651,0.2108887130187,8.6755893526189,"Maryland"
"234",25,0.0298793326445666,2015,6.38498011935707,0.670956926422096,0.237424414292119,9.16258039561228,"Massachusetts"
"235",26,0.0328527169412092,2015,9.09066670852549,1.44639037908087,0.31683790610004,10.6227043549461,"Michigan"
"236",27,0.029842825771651,2015,6.10318580123705,0.679673265796595,0.164541352413606,8.30514227452638,"Minnesota"
"237",28,0.0287908954887334,2015,8.87331069842862,0.534595664219212,0.327937921917808,5.33112958185742,"Mississippi"
"238",29,0.0324953650376112,2015,8.86769742937394,1.48566110889262,0.294291410762795,9.80116518206642,"Missouri"
"239",30,0.0307529710122937,2015,8.59313956104244,0.72752798687015,0.167418373294965,0.98531738271491,"Montana"
"240",31,0.032782922357905,2015,7.70825102220334,0.830750248630137,0.34450575,NA,"Nebraska"
"241",32,0.0368912192707685,2015,7.01013409930859,0.82541342280755,0.335419776546083,14.1756429535285,"Nevada"
"242",33,0.0306533808153067,2015,6.848493535315,0.804739625509715,0.17709346952016,3.40383193681319,"New Hampshire"
"243",34,0.0305105024573949,2015,8.72811366231212,0.259315497910337,0.304529809113072,11.8886676855547,"New Jersey"
"244",35,0.0344551480591819,2015,7.08971996353902,0.155033303878225,0.211521659217877,5.8762040747994,"New Mexico"
"245",36,0.0303757022627676,2015,6.68979503563324,0.979615931753588,0.215550372063216,8.70011717421787,"New York"
"246",37,0.0321416447706933,2015,8.76774139374068,0.332316282267055,0.269406662295541,7.79670689876107,"North Carolina"
"247",38,0.0299291491427071,2015,5.55970794689031,0.619086785970492,0.167221590410959,2.75985180046897,"North Dakota"
"248",39,0.0320538551679854,2015,10.4331982683526,1.32274283254867,0.251760490277351,12.2115231356337,"Ohio"
"249",40,0.0314281345701156,2015,7.82454388255164,0.866257445725911,0.228269931077311,7.95688726798077,"Oklahoma"
"250",41,0.0302147920157312,2015,8.17769115953961,0.466264526027397,0.3767517149326,12.1856455772368,"Oregon"
"251",42,0.0299140614399195,2015,10.2772502494845,1.65963240665681,0.239724937040469,7.51672016697963,"Pennsylvania"
"252",44,0.0330622071581852,2015,7.63301836962633,0.344461582191781,0.41906207766323,12.4576109662423,"Rhode Island"
"253",45,0.028685874284095,2015,7.92521236652271,0.285034195617739,0.155059996309963,6.24719225427474,"South Carolina"
"254",46,0.0335734565861168,2015,6.6690922235251,0.767552265757303,0.197780182328191,4.56498519160691,"South Dakota"
"255",47,0.0313019689991885,2015,8.52207057457004,1.39425643581763,0.280197152993119,9.47965609279551,"Tennessee"
"256",48,0.0278146049180352,2015,9.62775636941023,0.28504630403601,0.25039924564844,7.36349333082326,"Texas"
"257",49,0.0389159331758689,2015,6.39784107058792,0.332083528901734,0.416705138111087,4.85107385515368,"Utah"
"258",50,0.0323366953149583,2015,6.81663172875549,0.360648775151774,0.162699765594126,7.29725124722697,"Vermont"
"259",51,0.0309815552902025,2015,8.08314284626793,0.493103788721249,0.259292317984327,7.16658048327894,"Virginia"
"260",53,0.028925126966582,2015,7.60446689755949,0.524585212143602,0.361486326727861,13.7745439495358,"Washington"
"261",54,0.0294044375917377,2015,9.09687637954394,1.71095022005708,0.253983771485107,NA,"West Virginia"
"262",55,0.0333827601986563,2015,7.46128850031911,1.5966095843543,0.210332576462982,4.71303573408483,"Wisconsin"
"263",56,0.0375587112805336,2015,3.80000260456685,1.69420419910332,0.0608001989114449,2.82426501056725,"Wyoming"
"264",72,NA,2015,NA,NA,NA,NA,"Puerto Rico"
"265",1,0.0293819642292826,2016,8.85548290996203,1.06626148305493,0.338759256181998,11.7948350375375,"Alabama"
"266",2,0.0255175119977219,2016,4.98084105885652,5.76388679781421,0.41896291363192,13.4268706523077,"Alaska"
"267",4,0.0355806386492587,2016,7.44990564636211,1.89183680333585,0.365084368126025,15.248127530993,"Arizona"
"268",5,0.0301720334768319,2016,8.81795353352208,1.0509546585135,0.29559318989071,7.66370851386496,"Arkansas"
"269",6,0.0359854621204822,2016,9.48132643825021,0.472263572136805,0.323847855297138,12.0633992431201,"California"
"270",8,0.0390855274963178,2016,6.26618647252899,1.92995665270936,0.310685826076053,4.15414152162385,"Colorado"
"271",9,0.0350297073020604,2016,6.99372599473914,0.327306785385019,0.257194745279327,12.4891506949706,"Connecticut"
"272",10,0.0312882582045641,2016,7.55313992908323,0.288174827718177,0.25873792022792,11.6280570673077,"Delaware"
"273",11,0.0271848088088088,2016,9.24317720583379,0.920205199059561,0.479249146518745,13.418099255796,"District Of Columbia"
"274",12,0.0295821067965065,2016,7.11907824445181,0.427433704343269,0.314784302689128,6.50378562712512,"Florida"
"275",13,0.0321822096667154,2016,9.17055932037916,1.33389374980319,0.634950647364732,16.6326715020522,"Georgia"
"276",15,0.0247068625954198,2016,9.05870653112798,13.5201565068971,0.374009054434538,3.5313312776375,"Hawaii"
"277",16,0.0326843738109897,2016,8.28099001982979,1.50641990017872,0.295968733004386,9.86343334615384,"Idaho"
"278",17,0.0297474000872019,2016,8.39174654862342,1.10770068072807,0.211001983826256,14.2785356383794,"Illinois"
"279",18,0.0322670475128534,2016,8.62728778188609,1.41611222007201,0.312523373003993,8.33897722101889,"Indiana"
"280",19,0.0303262792169527,2016,7.59607822302486,0.578013276372697,0.213007756290012,5.54654793147129,"Iowa"
"281",20,0.0306526096799949,2016,5.75035131445332,0.764942496031151,0.225583312138728,4.13725198170179,"Kansas"
"282",21,0.0311724788121757,2016,8.53039885598708,0.677781462560493,0.26610786073286,7.22976034833976,"Kentucky"
"283",22,0.0272045140479141,2016,8.88253434924038,1.60478466149047,0.30303867518045,6.02900234492556,"Louisiana"
"284",23,0.0284727563811479,2016,5.96162257542053,0.296858750877002,0.166450122866814,2.23412302150613,"Maine"
"285",24,0.0331582880428402,2016,7.32633583797787,0.627811579109006,0.189382093796886,9.92468797252054,"Maryland"
"286",25,0.0309527800326154,2016,5.72468653347864,0.848277136794784,0.240331258719758,8.02530894818858,"Massachusetts"
"287",26,0.0327963940323661,2016,7.98064063631806,1.13559656651476,0.321149274488525,10.2749453000757,"Michigan"
"288",27,0.0275462604110767,2016,4.80876553622512,1.00203868510329,0.20287466046716,7.99782166361228,"Minnesota"
"289",28,0.0305883422138193,2016,8.15454673732239,0.316689279311256,0.225235265027322,5.48415235528058,"Mississippi"
"290",29,0.0314198212957004,2016,7.50733768421441,0.982696831122505,0.297772370422477,9.17664551374525,"Missouri"
"291",30,0.0297684151980533,2016,5.98840589730048,0.775012585133151,0.183281898996481,1.12205956290135,"Montana"
"292",31,0.0320663748869057,2016,7.08161937080118,0.661602755310407,0.306272615543329,NA,"Nebraska"
"293",32,0.0367913802485885,2016,7.21034367109202,0.504385624721482,0.333338686743809,16.4692583596453,"Nevada"
"294",33,0.0306792418858638,2016,5.15458339809506,0.75970793863068,0.160608072283405,3.02206186285714,"New Hampshire"
"295",34,0.0302180593603385,2016,8.23557983998458,0.259129510770565,0.272315917643166,10.43089858071,"New Jersey"
"296",35,0.0360481258627831,2016,7.86267853916771,0.275316845144605,0.219293032212885,5.55660306469758,"New Mexico"
"297",36,0.0307593201040262,2016,5.46487835677371,0.369577642573034,0.20644452846129,8.21770661080536,"New York"
"298",37,0.0329435752614635,2016,8.57712398864513,0.205991198828687,0.243753078468909,7.44569109688609,"North Carolina"
"299",38,0.028089547712916,2016,3.1377616678143,0.484774983731509,0.17081440749184,2.40190738481518,"North Dakota"
"300",39,0.0334650825145256,2016,8.81575751193066,0.803901343156239,0.26091702148345,10.9283092707514,"Ohio"
"301",40,0.0322215019770714,2016,7.52778520237457,0.737969219500042,0.248793431836997,7.1343637525086,"Oklahoma"
"302",41,0.0263340998951303,2016,6.55600328540829,0.188430197183099,0.300699251114743,11.1635664908634,"Oregon"
"303",42,0.0304505395644229,2016,9.08486487726177,0.931730102772129,0.227107754263377,5.9682209122061,"Pennsylvania"
"304",44,0.0327454200299663,2016,6.84750442881226,0.244075316256831,0.393594950819672,11.0485644324913,"Rhode Island"
"305",45,0.0302574819873049,2016,8.43639141029125,0.224016714667939,0.178301705705706,4.96667055106267,"South Carolina"
"306",46,0.0326186931438378,2016,4.57729488245198,0.281414752156926,0.189932214480874,4.33752468001659,"South Dakota"
"307",47,0.0342222785923351,2016,8.4391319326339,1.11169809848915,0.261435778983644,8.87399114089217,"Tennessee"
"308",48,0.0282824269651782,2016,8.83040586425988,0.387837708929415,0.306509619728545,7.09424610397757,"Texas"
"309",49,0.0380671451508335,2016,6.36335728958375,0.730488434210526,0.352154175096929,4.09362347621145,"Utah"
"310",50,0.0292080569122699,2016,5.07497429315808,0.0878172216701282,0.149510627101152,6.25224999249984,"Vermont"
"311",51,0.0307044721111286,2016,7.25721364087106,0.350863159057726,0.281416913537592,7.63223871195231,"Virginia"
"312",53,0.0273188395861815,2016,6.67564922569322,0.41141148549301,0.321310405723932,13.5217800919742,"Washington"
"313",54,0.0291192375639148,2016,8.24555490446708,1.35598022193918,0.267564691155104,NA,"West Virginia"
"314",55,0.0323151736364209,2016,6.54889722932374,0.639412780317834,0.212181006118566,8.89247518996237,"Wisconsin"
"315",56,0.0380040668687394,2016,3.4547147864716,1.78432574310419,0.151303604044991,2.33743930514243,"Wyoming"
"316",72,NA,2016,NA,NA,NA,NA,"Puerto Rico"
"317",1,0.0270211443286862,2017,9.23165914661968,1.38328786299806,0.304860828806064,10.2047050192024,"Alabama"
"318",2,0.0259172257305494,2017,5.38822142672016,5.81692601239669,0.396126983477117,12.4575719803922,"Alaska"
"319",4,0.0370868904487935,2017,8.07565557925971,1.88047136992011,0.317371406926474,16.0112237306642,"Arizona"
"320",5,0.0306285341721306,2017,8.54232627053957,0.601314906849315,0.404196142465753,7.36167522423841,"Arkansas"
"321",6,0.0368934373569486,2017,10.2972100168341,0.414332174047322,0.330325492424791,12.3180377412167,"California"
"322",8,0.0396556512864384,2017,6.62169130145745,0.971575922215081,0.282116627418199,3.72252006950142,"Colorado"
"323",9,0.0333808986782798,2017,5.87168137226849,0.219351100363191,0.259730234579117,12.2330487229012,"Connecticut"
"324",10,0.0312049348744469,2017,7.49347848544794,0.216766801957789,0.265237757575758,10.6992395406162,"Delaware"
"325",11,0.0266445197792088,2017,9.50013660200154,0.939863425342466,0.325205602635229,11.7163668313833,"District Of Columbia"
"326",12,0.0286794768218807,2017,7.85950356004483,0.589210017341145,0.302522180000409,7.39751882703784,"Florida"
"327",13,0.0289337922074483,2017,9.10237469203128,0.930995660434247,0.511437834337145,14.8280111675826,"Georgia"
"328",15,0.024460248861912,2017,7.31011119445992,13.4955413521961,0.291036500711238,3.31281599979591,"Hawaii"
"329",16,0.0363345014362142,2017,11.0575524480683,1.77643988524239,0.333356670301475,16.9989658556701,"Idaho"
"330",17,0.0309688370332787,2017,8.73945415808348,1.13265165432664,0.210029720612764,14.1006688067398,"Illinois"
"331",18,0.0319816917882084,2017,8.32751819165783,0.991806185307838,0.407151768587732,9.70114320709765,"Indiana"
"332",19,0.0312175508118348,2017,7.45992308288361,0.53011176562418,0.212270915241105,4.88014211384516,"Iowa"
"333",20,0.0305529205934442,2017,6.55677508275048,0.99460564533873,0.188914266961652,4.26833391885019,"Kansas"
"334",21,0.0309505353018125,2017,8.51408104671584,0.829135103512177,0.241010990622983,7.08324917440433,"Kentucky"
"335",22,0.0267596278824103,2017,8.65375174193449,0.959377942534246,0.298017010678053,5.55980867358502,"Louisiana"
"336",23,0.0299781132272821,2017,5.89032977920701,0.340247199452259,0.160636539026592,2.54235245351657,"Maine"
"337",24,0.0329944089486309,2017,7.42123042984022,0.844261011099504,0.166131825225083,9.00500866344076,"Maryland"
"338",25,0.0310614981421856,2017,5.83586492139348,0.719145122575434,0.242988485438587,7.52398196238165,"Massachusetts"
"339",26,0.0316952835673303,2017,8.15877794324385,1.18822206075134,0.382556914290643,9.99509118793313,"Michigan"
"340",27,0.0292563041462699,2017,5.03628465978369,0.925080378199288,0.26426042502734,7.881137345158,"Minnesota"
"341",28,0.0285991121730402,2017,8.75833183703858,0.458736054014887,0.261455925207756,5.55453285565559,"Mississippi"
"342",29,0.034802087798727,2017,7.9861173086022,0.941486466686036,0.284992279841003,8.86566707287657,"Missouri"
"343",30,0.0332018315713781,2017,9.31890612293477,0.815999081172751,0.180379897691071,1.07453125299864,"Montana"
"344",31,0.0319611405869344,2017,8.1958445560359,0.742841604077181,0.282608900346021,NA,"Nebraska"
"345",32,0.0376823697665164,2017,6.87507177250894,0.541506434944389,0.351249419675965,17.7122558280182,"Nevada"
"346",33,0.0310417043921476,2017,5.05662489381886,0.827882059417514,0.153198940634397,2.62837484078212,"New Hampshire"
"347",34,0.0293208325676355,2017,8.182826259162,0.13075652965374,0.267058843375735,9.36476977260056,"New Jersey"
"348",35,0.0375272512565749,2017,7.18244587514164,0.217198120401893,0.209475832532601,5.50804531536941,"New Mexico"
"349",36,0.031026729069482,2017,5.67143249617061,0.995402189882783,0.195260322170292,7.16221990145985,"New York"
"350",37,0.0322668568924498,2017,8.00992458574919,0.912473835388514,0.270878693125391,7.30563278245475,"North Carolina"
"351",38,0.0306061105389241,2017,5.63173961320397,0.690656399373959,0.178257596418733,2.69555886501422,"North Dakota"
"352",39,0.0326917598507138,2017,8.68659875936118,0.607786103949708,0.226341202069968,10.3757731569953,"Ohio"
"353",40,0.0329581989609978,2017,8.08128453600575,0.675593139409747,0.267746388966385,7.6054297053003,"Oklahoma"
"354",41,0.0292635616540158,2017,11.2017725180005,0.344335511730205,0.255760858945859,11.015731115413,"Oregon"
"355",42,0.0298412039117026,2017,9.44411567889221,0.814913609725594,0.204731712298968,5.25902761336481,"Pennsylvania"
"356",44,0.033169802945546,2017,6.30403217466115,0.231618434931507,0.379093497878359,10.4446223120694,"Rhode Island"
"357",45,0.0294692769291229,2017,7.75469002472127,0.239489824553466,0.189101307365439,4.98915942480213,"South Carolina"
"358",46,0.0325462530798684,2017,5.7175624575142,0.431457955080974,0.186768485477178,3.78406621851835,"South Dakota"
"359",47,0.0324249719340612,2017,7.80806409105263,1.06488226551676,0.24934831666333,8.29933429840527,"Tennessee"
"360",48,0.0295400116818713,2017,8.45429258168196,0.820179177027835,0.322732054091773,6.86651043000125,"Texas"
"361",49,0.0402230165833859,2017,6.85388967868607,0.303878377966102,0.351743500221567,4.74021361944863,"Utah"
"362",50,0.0293544092502297,2017,5.5623684533073,0.25444628809993,0.209239397064015,6.33283054856707,"Vermont"
"363",51,0.0314173926861228,2017,7.19706029655011,1.75767110175011,0.312547057468148,7.6430120611928,"Virginia"
"364",53,0.0296120941617578,2017,9.25929634948118,0.914936768210873,0.26406115878674,12.6223924079017,"Washington"
"365",54,0.0279967474887671,2017,8.12495997608399,1.46693259027795,0.245480071232877,NA,"West Virginia"
"366",55,0.0332470302196193,2017,6.27537588395984,0.55397981180273,0.192430871973249,8.52767332202754,"Wisconsin"
"367",56,0.0395569618660981,2017,4.68605390449114,1.27319334696051,0.164457729974994,2.69067774060693,"Wyoming"
"368",72,NA,2017,NA,NA,NA,NA,"Puerto Rico"
"369",80,NA,2017,NA,NA,NA,NA,"Country Of Mexico"
"370",1,0.0277494494341813,2018,8.74167669725452,1.09570735503289,0.258407367463617,9.67802095391061,"Alabama"
"371",2,0.0242271119761103,2018,4.93325073542414,5.53522621016484,0.368826790361345,11.801580622905,"Alaska"
"372",4,0.0371415487551778,2018,7.8318737616263,1.48610461416508,0.319390131779437,14.910813020881,"Arizona"
"373",5,0.0298233625077329,2018,8.75325183522836,0.602105452054794,0.286106154794521,7.21521530052741,"Arkansas"
"374",6,0.0366310331915417,2018,10.934231088716,0.496335108349292,0.307411147031837,12.0511064131416,"California"
"375",8,0.0409359385903142,2018,7.5598640788853,0.898769540632302,0.273871051239941,4.15914180170483,"Colorado"
"376",9,0.0331992090387781,2018,6.96136755189598,0.185034591239238,0.258725916418126,10.4004661664697,"Connecticut"
"377",10,0.0305239670906406,2018,7.28688013258036,0.212972404107839,0.236122426388889,9.94213473156342,"Delaware"
"378",11,0.0248865421686747,2018,8.74324091055817,0.78229973852573,0.318058401234568,11.112193993146,"District Of Columbia"
"379",12,0.0286285037739928,2018,7.43617055454806,0.608144014908074,0.29371425500932,6.96088471388933,"Florida"
"380",13,0.0289290822123851,2018,8.39691338121816,0.786596082202867,0.499439022399052,13.7279632732172,"Georgia"
"381",15,0.0246262473444613,2018,7.18030785553889,12.3247589680734,0.344532302390999,4.24737704250744,"Hawaii"
"382",16,0.0350111515549957,2018,8.84967171890268,2.00654192133213,0.44384167768595,NA,"Idaho"
"383",17,0.0298980836195375,2018,9.34765474653728,1.10634798637399,0.220548378839231,12.5235884947764,"Illinois"
"384",18,0.02880660809531,2018,8.89459643877123,0.56601119929428,0.332385485804172,10.1462110050819,"Indiana"
"385",19,0.0309507342023506,2018,8.03448353926708,0.434015501654507,0.214269759947273,5.06299130732042,"Iowa"
"386",20,0.0308039611354543,2018,7.32009652127404,1.05211202531647,0.196452936608558,4.25516159799743,"Kansas"
"387",21,0.0304633358078402,2018,8.68711422713266,0.73860398365612,0.237056558828935,6.91263673054361,"Kentucky"
"388",22,0.0260057103081018,2018,8.82805979610708,0.875425781057099,0.287381533731792,5.79591141249602,"Louisiana"
"389",23,0.0314081403422215,2018,5.72593624858422,0.156988529084952,0.17039105155002,2.77718048120938,"Maine"
"390",24,0.0319421292065683,2018,7.09543415637809,1.06072474551708,0.182985291504864,8.74118557348012,"Maryland"
"391",25,0.029537185038643,2018,6.29613030500304,0.520913235511629,0.284495065360619,7.61095191276622,"Massachusetts"
"392",26,0.031583094719479,2018,8.95531394836536,1.23271257986066,0.367897300963301,10.2146152581388,"Michigan"
"393",27,0.0308289338566546,2018,5.84201820600116,0.871622439880237,0.330062763882841,8.32912920521393,"Minnesota"
"394",28,0.0301819585485286,2018,8.89961846978042,0.711581364739022,0.132057886029412,5.50086603235348,"Mississippi"
"395",29,0.0343979710200525,2018,7.76953822762687,1.75137027772898,0.281262423912901,8.5927312953403,"Missouri"
"396",30,0.0331391393217594,2018,7.31724586977044,0.770093622905078,0.164808096960526,1.07050563525664,"Montana"
"397",31,0.0314462129911336,2018,7.78997845180121,0.496460221832449,0.287283329903978,NA,"Nebraska"
"398",32,0.0389499644068623,2018,7.16367120031544,0.476496143003822,0.35593077700997,17.9537287155705,"Nevada"
"399",33,0.0303729015192133,2018,5.11794160223512,0.89924955925536,0.162403314322669,2.50204480965909,"New Hampshire"
"400",34,0.0291410829256831,2018,7.97258554725132,0.235249263251969,0.291225840002314,8.87035317507037,"New Jersey"
"401",35,0.0390273679279554,2018,6.53066275128096,0.201638074227126,0.214778913103448,5.43366523788435,"New Mexico"
"402",36,0.0309976019300399,2018,5.82968660357143,0.781453249810469,0.224313230037766,10.0642928887523,"New York"
"403",37,0.0321724133216994,2018,7.93674488736499,0.822355184007225,0.266913612102507,7.02410588136135,"North Carolina"
"404",38,0.0311515039413112,2018,5.74649669493044,0.758937719592108,0.171642619777159,2.73531115611167,"North Dakota"
"405",39,0.0325645510003959,2018,8.98332572221844,0.557312037925915,0.22570482121277,10.4965131728294,"Ohio"
"406",40,0.0321256608980175,2018,8.85030228369349,0.554681994259895,0.253735929259456,8.1939604243809,"Oklahoma"
"407",41,0.0276851677236315,2018,11.02233399815,0.475221217741935,0.321726509087385,10.89521392592,"Oregon"
"408",42,0.0286479504030486,2018,8.49373728474296,0.688168328066955,0.223325066674609,4.35170383787205,"Pennsylvania"
"409",44,0.0341292671435273,2018,6.93142737687858,0.263706447945205,0.363658841772152,11.7418897725989,"Rhode Island"
"410",45,0.0284039792481783,2018,7.05932392746584,0.162628287598753,0.129057504132231,4.73117912063623,"South Carolina"
"411",46,0.0326281163948566,2018,5.56315027357054,0.373799426064538,0.178718467032967,3.9379181723067,"South Dakota"
"412",47,0.0319782930442725,2018,7.49755383683,0.997261395102341,0.258347263563717,8.32450691368613,"Tennessee"
"413",48,0.0280713098040328,2018,8.96077582342203,0.88135370624586,0.279799849805998,7.01418515672354,"Texas"
"414",49,0.0410851721661478,2018,7.02610648160883,0.120009472522004,0.558515914817448,4.38164447629057,"Utah"
"415",50,0.0289003275046939,2018,6.34633018868483,0.429967185479941,0.219747795485639,6.45671086295225,"Vermont"
"416",51,0.0298101628806531,2018,7.06700717710433,0.426115311479487,0.277360897008442,7.59670872989627,"Virginia"
"417",53,0.0288502438792349,2018,8.77411570113616,1.03659886247902,0.254522508136733,11.9253785220439,"Washington"
"418",54,0.0272887290866775,2018,8.09513057603318,1.45731881781561,0.229085472263868,NA,"West Virginia"
"419",55,0.0341502961117094,2018,7.20122037154022,0.421850822439213,0.208562582455365,8.58069235428885,"Wisconsin"
"420",56,0.0389229022760168,2018,4.25481177029413,0.941505282945446,0.103674611154594,2.48494010066499,"Wyoming"
"421",72,NA,2018,NA,NA,NA,NA,"Puerto Rico"
"422",80,NA,2018,NA,NA,NA,NA,"Country Of Mexico"
"423",1,0.0284281885221373,2019,9.08674475931753,1.13843650722657,0.292133883131837,11.0584060834532,"Alabama"
"424",2,0.0285704383929171,2019,7.1824287604558,5.6300763470255,0.400332742750106,9.90495575,"Alaska"
"425",4,0.0368127028353505,2019,6.37815286234795,1.21036997045856,0.305047327227779,13.1358243269845,"Arizona"
"426",5,0.0295188675894788,2019,8.69410927149452,0.886453152054794,0.370184839726027,7.73164278417149,"Arkansas"
"427",6,0.0360573071117649,2019,8.15323885770454,0.725186839368918,0.289040703466936,11.8787924407088,"California"
"428",8,0.038094587097103,2019,6.43194509323801,1.69163697281242,0.261939835917367,4.65221900119655,"Colorado"
"429",9,0.034510435245569,2019,7.0202912060744,0.162360011324251,0.250915264762578,9.94910783391015,"Connecticut"
"430",10,0.0315627939747834,2019,7.62691701003377,0.243469143333742,0.249393315328467,10.254838375,"Delaware"
"431",11,0.0294933158861341,2019,8.31896999233844,0.628756977178423,0.316783844993141,11.6669808089347,"District Of Columbia"
"432",12,0.0287473874833209,2019,7.27486145350941,0.823580187415556,0.252082040926679,7.7389883104792,"Florida"
"433",13,0.0311908826852316,2019,9.37408001324113,1.00813758775326,0.49635913008679,14.0906698068973,"Georgia"
"434",15,0.0237904352773826,2019,2.5437500993439,1.39723291125176,0.192280404473439,4.15694193348056,"Hawaii"
"435",16,0.0330344041402612,2019,7.8094275240638,2.30351328341212,0.388687880494505,9.07650762921348,"Idaho"
"436",17,0.0326179079699981,2019,8.95374674503178,0.829979358694928,0.306129402291597,12.5186494593578,"Illinois"
"437",18,0.0294451209695457,2019,8.85494481967162,0.734375409411002,0.337523665651478,9.67269744228764,"Indiana"
"438",19,0.0304974374894604,2019,8.04877161402179,0.421121592617832,0.203539382894321,4.33000001098051,"Iowa"
"439",20,0.0302493503221545,2019,7.20460310339349,0.797479812843377,0.200927152380952,3.71931762317208,"Kansas"
"440",21,0.0318958918585357,2019,8.46493303413961,0.631955379729323,0.235951467474795,7.49673811520056,"Kentucky"
"441",22,0.0262741695983307,2019,8.19693434782343,0.638358366819083,0.209933548322949,5.63834102770404,"Louisiana"
"442",23,0.030102731618509,2019,4.81845294102463,0.0705402816404994,0.150985673960794,2.49430405943341,"Maine"
"443",24,0.033798130372739,2019,6.65009779536229,0.723636165035321,0.195619032927398,9.23121399555596,"Maryland"
"444",25,0.0301537068999067,2019,6.64631291176468,0.296484151510698,0.271060294797987,7.70986913868579,"Massachusetts"
"445",26,0.0314838158648583,2019,8.3165758407326,1.15266983401203,0.380198707113042,10.8037275802474,"Michigan"
"446",27,0.0297495631962693,2019,5.42351344748541,0.707163970726918,0.313310552611818,7.79050071691717,"Minnesota"
"447",28,0.0297925693234312,2019,8.97719560188338,0.671016782729952,0.137272194520548,5.60280530450903,"Mississippi"
"448",29,0.0337746672667123,2019,7.64240923224699,4.17297046530295,0.269367511132423,8.10956479230536,"Missouri"
"449",30,0.0319099248414165,2019,5.63452023140138,0.482632715205226,0.157659967147972,0.852302024570259,"Montana"
"450",31,0.0315201288022105,2019,6.62272419127187,0.472694383637457,0.279545152624309,NA,"Nebraska"
"451",32,0.037011472902921,2019,5.68047541434255,0.307243756673518,0.32356424346444,16.5402303854699,"Nevada"
"452",33,0.0296992007589232,2019,4.56661011867031,0.786538905502831,0.150539648891247,2.64621454520548,"New Hampshire"
"453",34,0.030462346211221,2019,7.79883030690373,0.228386293371198,0.286760132917533,9.79423125863658,"New Jersey"
"454",35,0.0376257270047634,2019,6.10164674448108,0.15762948081406,0.168358695473251,5.08347205183351,"New Mexico"
"455",36,0.0316144964232561,2019,6.2262358495422,0.798841869910344,0.21864247048758,8.60371018559465,"New York"
"456",37,0.0332286520455999,2019,7.98843574964308,0.321104780750635,0.2853220973522,7.23387486952887,"North Carolina"
"457",38,0.0300144118447637,2019,4.56137308590653,0.909700277613027,0.16212158630137,2.70104852358752,"North Dakota"
"458",39,0.0333940950265265,2019,8.99589734589234,0.637105272185203,0.212375952901971,9.89190045062056,"Ohio"
"459",40,0.0319178721297064,2019,8.44902133194808,0.312919278562125,0.246785222346428,7.25727487147365,"Oklahoma"
"460",41,0.0261451410167257,2019,9.41491243047574,0.21110326547619,0.218492874141181,9.47549076463868,"Oregon"
"461",42,0.0295416485810706,2019,8.63075626287661,0.711556484710586,0.220516687363607,4.88104318678024,"Pennsylvania"
"462",44,0.0354865856757932,2019,5.73524413598944,0.221526087016575,0.370751158839779,10.7676178165375,"Rhode Island"
"463",45,0.0325844242724828,2019,7.4715502065577,0.156356548736035,0.092967596875,4.96686888326827,"South Carolina"
"464",46,0.0346826179418624,2019,4.58328190272361,0.860958058657997,0.185714196132597,3.44946402027504,"South Dakota"
"465",47,0.0329504228387916,2019,7.4856445016522,1.29052876082391,0.241248900207578,8.1563575604566,"Tennessee"
"466",48,0.0292085988007519,2019,8.49111564276291,0.750794751025229,0.271408017798805,7.19910924885615,"Texas"
"467",49,0.0396521811933164,2019,5.68214595089151,0.412769152566076,0.331510477420903,4.53860365282668,"Utah"
"468",50,0.0293610126043373,2019,6.19292473391101,0.320035308376316,0.204506423114701,6.38435787987735,"Vermont"
"469",51,0.0319596087350501,2019,7.58700074630531,0.562351190374576,0.289653189277498,8.11115694149415,"Virginia"
"470",53,0.0269823910655525,2019,7.42449163952266,0.899266393285709,0.257940681106469,14.5573496178861,"Washington"
"471",54,0.0296489277016824,2019,7.79927687638061,1.41539003821091,0.2045173,NA,"West Virginia"
"472",55,0.0316473002947615,2019,7.31057168517685,0.260632551810792,0.16343561869372,8.61074179601388,"Wisconsin"
"473",56,0.0395733684744375,2019,2.81375136487679,0.587034611706656,0.107779995888329,2.01737199973299,"Wyoming"
"474",72,NA,2019,NA,NA,NA,NA,"Puerto Rico"
"475",80,NA,2019,NA,NA,NA,NA,"Country Of Mexico"
